{
  "name": "less",
  "main": "dist/less.js",
  "ignore": [
    "**/.*",
    "benchmark",
    "bin",
    "build",
    "gradle",
    "lib",
    "test",
    "*.md",
    "LICENSE",
    "Gruntfile.js",
    "*.json",
    "*.yml",
    "build.gradle",
    "gradlew",
    "gradlew.bat",
    ".gitattributes",
    ".jshintrc",
    ".npmignore"
  ],
  "homepage": "https://github.com/less/less",
  "version": "3.0.0-alpha.3",
  "_release": "3.0.0-alpha.3",
  "_resolution": {
    "type": "version",
    "tag": "v3.0.0-alpha.3",
    "commit": "38967865514aede3df2513e393d1e1e14c7f72ac"
  },
  "_source": "https://github.com/less/less.git",
  "_target": "v3.0.0-alpha.3",
  "_originalSource": "less",
  "_direct": true
}