{
  "name": "jquery-ajax-unobtrusive",
  "version": "3.2.3",
  "homepage": "https://github.com/aspnet/jquery-ajax-unobtrusive",
  "description": "Add-on to jQuery Ajax to enable unobtrusive options in data-* attributes",
  "main": [
    "jquery.unobtrusive-ajax.js"
  ],
  "ignore": [
    "**/.*",
    "*.json",
    "*.md",
    "*.txt"
  ],
  "keywords": [
    "jquery",
    "asp.net",
    "mvc",
    "ajax",
    "unobtrusive"
  ],
  "authors": [
    "Microsoft"
  ],
  "license": "http://www.microsoft.com/web/webpi/eula/net_library_eula_enu.htm",
  "repository": {
    "type": "git",
    "url": "git://github.com/aspnet/jquery-ajax-unobtrusive.git"
  },
  "dependencies": {
    "jquery": ">=1.8"
  },
  "_release": "3.2.3",
  "_resolution": {
    "type": "version",
    "tag": "v3.2.3",
    "commit": "ff31f3542e75b57ed354e6ddc79d134ab2e00b78"
  },
  "_source": "https://github.com/aspnet/jquery-ajax-unobtrusive.git",
  "_target": "3.2.3",
  "_originalSource": "jquery.unobtrusive-ajax"
}